{
  "light_skin_n": 1011,
  "dark_skin_n": 553,
  "light_mean_prob": 0.232710394689594,
  "dark_mean_prob": 0.29188127658762725,
  "prob_gap": 0.0592
}