{
  "timestamp": "2026-05-20T15:46:09.044838",
  "light_skin_standard": {
    "accuracy": 0.6874095513748191,
    "auc": 0.8371024673841575,
    "f1": 0.41621621621621624,
    "sensitivity": 0.27112676056242563,
    "specificity": 0.9778869778845752,
    "n": 691
  },
  "light_skin_robustness": {
    "accuracy": 0.6874095513748191,
    "auc": 0.8371024673841575,
    "f1": 0.41621621621621624,
    "sensitivity": 0.27112676056242563,
    "specificity": 0.9778869778845752,
    "n": 691
  },
  "dark_skin_standard": {
    "accuracy": 0.4627831715210356,
    "auc": 0.7011150935882119,
    "f1": 0.40714285714285714,
    "sensitivity": 0.2638888888876672,
    "specificity": 0.9247311827857555,
    "n": 309
  },
  "dark_skin_robustness": {
    "accuracy": 0.5372168284789643,
    "auc": 0.7103245718837117,
    "f1": 0.5431309904153354,
    "sensitivity": 0.39351851851669667,
    "specificity": 0.8709677419261186,
    "n": 309
  },
  "fairness_gap_standard": 0.22462637985378348,
  "fairness_gap_robustness": 0.15019272289585472,
  "gap_improvement_pct": 33.1366497002772
}